Feature1,Feature2,Feature3,ComLevel
1266.95,1267.9,1260,1264.15
1267,1272.4,1255.55,1263.3
1265,1284,1259.95,1280.6
1285,1301,1280.9,1299.2
1300,1304,1290.25,1294.85
1295,1304.3,1294.3,1300.25
1301,1307.4,1273.15,1276.6
1279.9,1282.1,1255.3,1258.4
1290,1322.5,1290,1306.35
1319,1348.45,1307.35,1334.5
1390,1400,1327,1337.45
1336.9,1355,1309,1347.75
1349.7,1371.8,1343,1362
1362.5,1366.05,1338.05,1351
1352.5,1354.9,1327.1,1330
1326,1331.7,1308.1,1317.5
1315.75,1323.75,1298.4,1311.95
1305,1336.9,1305,1328.55
1323.75,1345,1323.75,1340.5
1340.3,1349.95,1337.95,1345.05
1341.2,1356.55,1340.3,1344.95
1341,1349.85,1335.8,1346.15
1348.85,1352.45,1326.4,1344.15
1344,1352,1342.15,1348.1
1349,1367.8,1345.15,1356.35
1345.1,1365,1345.1,1360.05
1362.5,1375.9,1362,1370.55
1361,1390,1361,1387.15
1386,1437,1385.1,1422.6
1424,1428.9,1412.25,1414.7
1409.05,1415,1401.85,1410.05
1409.8,1441.65,1405.1,1435.4
1430.1,1455.8,1429,1447.7
1444,1451.8,1430.65,1442.15
1440.1,1441.9,1420,1425.35
1421.6,1448.9,1412.7,1443.55
1441.5,1457,1441.5,1452.8
1440.7,1456.85,1440.7,1451.05
1450,1464.05,1442.3,1455.1
1453,1475,1451.5,1473.7
1467,1499.95,1466,1496.4
1495.25,1503.05,1477.3,1483.2
1486.25,1525,1485.25,1517
1515.1,1516,1498,1501.85
1491,1519.9,1491,1513.2
1517,1543,1508.6,1540.15
1536.15,1565.5,1536.15,1561.2
1561,1597.6,1559.35,1589.9
1590,1595.65,1574.9,1583.15
1575,1589.55,1556.65,1566.2
1558,1567.95,1548,1560.5
1556.05,1558.7,1548,1551.7
1557,1577,1543.8,1567.7
1572,1580.4,1560.6,1570.25
1559.85,1573.65,1554.4,1566.95
1564.5,1564.5,1540.45,1546.75
1540,1572.65,1539.95,1557.65
1563,1574.4,1553.7,1559.95
1561.4,1562.1,1532,1542.15
1548.5,1552,1528.4,1543.35
1540.1,1570,1536.15,1556.35
1556,1583.4,1541.65,1575.75
1565,1573.7,1551.25,1556.85
1556,1571.2,1541.25,1567.35
1570,1575,1531,1543.4
1540.1,1540.1,1501,1507.8
1505,1509.35,1484.1,1498.35
1498.9,1498.9,1475,1480.75
1480,1513,1477.6,1497.4
1509.9,1538.9,1501,1530.45
1540,1550.1,1520.7,1536.9
1481.9,1524.5,1478.35,1511.75
1513.5,1514,1448.35,1472.45
1470,1493.45,1457.95,1483.15
1495,1499,1431,1456.65
1487.95,1494.9,1427.45,1452.75
1446,1459.8,1425,1425.3
1424.45,1448,1424,1430.55
1430.55,1430.55,1398.65,1402.3
1393,1393.45,1365.1,1369.35
1365,1384.7,1365,1370.75
1368,1382,1365,1378.4
1373.5,1438.8,1373.5,1433.9
1426,1447.25,1407.9,1418.5
1420,1472.4,1420,1467.2
1467.1,1478.85,1457.4,1471.6
1472,1487.8,1470,1480.1
1483.2,1503.45,1483,1498.45
1498.45,1510.9,1491.1,1495.9
1495,1495,1486.1,1489.65
1480,1481,1445.7,1451.6
1455.1,1470.55,1443.75,1457.95
1458.1,1477.2,1450,1471.55
1469,1469,1447.45,1454.05
1455,1478.5,1454.1,1473.8
1471.25,1478,1461,1472.4
1465,1502,1465,1492.85
1498,1509.15,1492.3,1498.4
1495,1526.75,1478.35,1492.7
1500,1502.95,1463.6,1469.55
1469.5,1500,1460,1498
1498,1516.5,1490.3,1514.1
1516,1527.5,1485.1,1497.35
1500,1512,1487,1499.4
1491,1509.25,1476.75,1498.45
1504,1507,1457.1,1469.4
1460,1473.9,1450.15,1465.35
1461.1,1472.65,1452.7,1467.8
1453.7,1478.5,1452.05,1470.75
1470.1,1539,1468,1518.95
1525.05,1544.7,1519.1,1525.05
1530.2,1542,1492,1501.55
1494.1,1495.1,1462.05,1468.1
1460,1464,1435.1,1445.65
1448,1457.25,1431,1450.7
1453,1465,1428,1452.45
1455,1460,1440.15,1443.8
1454.9,1454.9,1423.55,1427.7
1421,1433.15,1399.1,1404.5
1408.8,1431.85,1408,1422.25
1415,1434.1,1400.1,1410.7
1413.5,1427.1,1380.7,1392.3
1396.9,1447.75,1381.05,1437.7
1447.8,1497,1442,1491.9
1495,1524.3,1458.2,1518.15
1512,1516.7,1483.4,1492.35
1493.1,1508.5,1486.65,1500.55
1497.7,1519,1465,1489.8
1490.85,1541,1490,1538.3
1542,1558,1522,1530.2
1528,1535,1500,1506.65
1495.3,1521.75,1495.3,1504.9
1510,1526.8,1498,1511.95
1520,1570,1520,1564.55
1595,1624.8,1579.3,1609.85
1601.1,1647.3,1599.3,1641.75
1625,1666.35,1617.6,1649.35
1645.05,1684.95,1645.05,1678.5
1680,1692.3,1644,1660.4
1719,1759,1700,1742.8
1741,1758.8,1728.3,1746.5
1748,1780.45,1743.6,1749.8
1748.5,1792,1745,1782.8
1780,1810,1766.7,1795.75
1795,1798.95,1750.1,1774.5
1758,1794.6,1757.25,1779.2
1780,1804.95,1775.45,1792.3
1790,1831.5,1789.45,1815.5
1810.05,1834.8,1790,1815.4
1819.7,1849.9,1816.7,1845.85
1840,1877.4,1840,1867.2
1873,1881.95,1864.65,1870.1
1874,1890.9,1813.45,1822.7
1805.1,1856.15,1783.7,1845.4
1841,1841,1808.15,1814
1820.2,1844.85,1809.95,1819.8
1824.5,1858,1802,1833.5
1824.2,1830,1755.55,1780.9
1798,1807,1755.55,1777.45
1789.8,1789.8,1730,1736.4
1740.1,1743.7,1701.15,1717.8
1705,1797.15,1695.2,1778.95
1794,1838,1784.3,1829.45
1823.1,1878.6,1814,1842
1839,1878.85,1830,1838.8
1828,1946.1,1828,1907.9
1901,1970,1878.3,1947.1
1939,2050,1930,2033.2
2020,2069,2017.5,2056.85
2050.1,2067,1986.15,2001.1
2000,2078.8,1993.95,2069.1
2069,2069,1981.05,1990.75
2009,2025,1975,1988.8
1986,2016.7,1981,1987.9
2008,2018,1983.5,1993.8
1995,1998.55,1945.8,1967.9
1965,1990,1946.55,1953.75
1950,1985,1894.05,1902.55
1900,1952.55,1897.1,1947.45
1942.05,1964.8,1937.9,1954.5
1948,1990,1926.5,1966.3
1950,1989.9,1941,1950.3
1950,1977.2,1940,1955.1
1955,1977.9,1926,1939.5
1941.5,1970.95,1920.2,1959.05
1954.8,1974.1,1935.1,1942.9
1943.1,1961.95,1937.45,1948.1
1954,1961.85,1920,1927.8
1932,1954.85,1916.7,1949.05
1971.8,2036.9,1960.4,2024.6
2032,2069,2026.95,2033.6
2035,2097.7,2025.3,2089.75
2083,2098,2056.55,2061.45
2055.5,2097.65,2045.1,2090.85
2088,2098,2067.25,2080
2103,2138,2082.4,2122.05
2127.5,2225,2125,2212.75
2235,2258.85,2201,2215.4
2230,2230,2095.7,2108.45
2104.8,2133.8,2061.55,2120.65
2125,2127.95,2050,2071.65
2088,2107.65,2076.85,2089.35
2088.5,2103,2046.15,2061.15
2042,2082.35,2001.85,2008.7
1995,2072,1995,2067.75
2068,2089.8,2052.55,2063.95
2065,2085.8,2047.9,2069.8
2070.25,2100,2070.25,2091.95
2089,2129,2079.4,2112.05
2110,2141.95,2091.1,2097.6
2100,2109.4,2095.2,2099
2100,2105,2031.7,2042
2063,2103.55,2059.05,2091.1
2100,2148.15,2080.3,2121.95
2130,2131.75,2071.2,2090.85
2090,2140,2050,2094.65
2096.85,2121.7,2079,2087.15
2098.95,2106.2,2043.65,2049
2072,2072,2021.85,2026.2
2046,2059.9,2032.25,2044
2049.95,2055,2021.2,2029.9
2046.85,2049.9,2017,2023.6
2023.2,2034.7,1980,1986.6
1991,2011,1985.1,2000.85
2008,2026.85,1993.1,2013.25
2003.1,2016.45,1987,1993.7
2009,2013.7,1975,1986.45
1993.1,1996.55,1970,1984.6
1992,2014.7,1981.8,2004.35
1995,2021,1995,2013.9
2016.05,2042,2015.05,2020.8
2019.9,2031.6,1993.65,2000.05
2016,2033.55,1983.05,1987.15
1991,2010,1991,2000.3
2029,2029.95,2000,2004.85
2000,2089,2000,2082.75
2079,2086.85,2043,2058.05
2045,2064,2025.1,2028.9
2037.95,2045,1995,2001.8
2013.7,2039.8,2005.15,2019.15
2031.6,2065.85,2030,2045.35
2040,2071,2038,2055.8
2075.95,2110,2062.65,2081.5
2088.1,2130,2085.85,2120.55
2129.95,2143.45,2097.95,2109.05
2119.8,2129,2104.25,2110.7
2115,2117,2091.45,2100.3
2107,2169.9,2105,2160.65
2170,2175.25,2146.7,2156.05
2160.1,2184.95,2150.9,2172.05
2180.1,2184.5,2151.1,2153.3
2166,2189,2156.15,2167
2164.7,2229.1,2147.25,2222.2
2229,2244,2197,2239.6
2240,2256.45,2199,2206.15
2212,2244,2210,2232.65
2228.75,2255.5,2222.1,2241.95
2260,2309.8,2235,2280.9
2285,2384,2285,2368.75
2372,2384.8,2320,2326.75
2342.45,2378.2,2327,2353.6
2380,2380.1,2325,2350.3
2298,2298,2206.05,2213.05
2218.95,2350,2215.5,2338.2
2334,2339.25,2275.1,2280.3
2287.1,2296.85,2264.1,2274.05
2268.1,2276.7,2237.3,2252.45
2244,2283.25,2235,2248.7
2226,2259.5,2220.1,2229.6
2232,2247.85,2196.1,2212.35
2240,2240,2205,2209.8
2198.05,2227,2190,2217.6
2225.1,2269.8,2221,2241.05
2222,2244.25,2190.8,2194.45
2174,2175,2112.05,2151.35
2163.8,2200,2140,2194.4
2180,2189.9,2145,2175.25
2190,2195,2131,2144.4
2144,2144,2085.1,2093.55
2100,2126.5,2096,2101.7
2118,2123.6,2095,2105.45
2107,2138.4,2096.5,2133.75
2137.9,2184.75,2128.1,2167.9
2160,2186,2147.2,2165.4
2165,2191,2155.85,2166
2170,2215,2162.25,2197.95
2206,2222,2182.8,2189.35
2198,2213,2190.75,2205.7
2204,2205.25,2170.1,2177.9
2189,2199.5,2180,2188.9
2194,2195,2177.15,2182.15
2161,2280,2160.15,2275.75
2271.8,2299,2228,2240.05
2233.2,2254,2224,2240.65
2254.85,2286.25,2242.55,2251.9
2252.85,2260,2232.15,2240.75
2245.5,2250.05,2152.8,2228.5
2228.1,2228.5,2135,2142.65
2155,2177.65,2122,2151.65
2153,2189.75,2153,2179.45
2148.05,2202,2136.85,2149.55
2141,2160.5,2124.3,2139.55
2135.5,2151.8,2104.25,2122
2075,2075,2013.05,2039.4
2038,2122.9,2011.4,2108.2
2125,2145,2085,2127
2125,2141.9,2115.45,2128.25
2136.95,2157.95,2126.15,2152.6
2144,2172,2130,2146.65
2148.05,2158.5,2087.55,2093.5
2100.95,2115,2065.05,2094.25
2097,2122.85,2080.05,2102.1
2104,2144.95,2082,2133.15
2145,2185,2144.9,2176.7
2190,2202,2161.05,2172.25
2172.85,2182,2147.6,2166.5
2172,2187,2130,2138.85
2130.1,2165.95,2120.7,2153.8
2152,2162,2105,2140.4
2140.4,2148.65,2115.2,2126.15
2118,2174.9,2100,2164.1
2181,2258,2174.05,2252.75
2264,2264,2184.2,2196.3
2220,2227,2142.7,2222.9
2220,2242.9,2211.3,2221.75
2233.95,2249.9,2219.9,2221.05
2231.4,2243.9,2201.1,2213.75
2227,2235,2193.2,2205.25
2205.25,2222.7,2180.1,2191.35
2186,2206.35,2176.9,2194.25
2185.1,2205.6,2181,2189.2
2181.25,2219.9,2181.25,2208.45
2210.8,2229,2204.15,2213.7
2213.7,2221.6,2190,2198.9
2191.05,2203,2140.1,2165.55
2165.1,2181.8,2147.65,2162.05
2152,2184.7,2152,2159.9
2153,2166.7,2123.15,2159.35
2165.8,2239,2165.8,2210.95
2214.4,2237.7,2201.1,2216.1
2216.1,2225,2171.15,2193.15
2200.05,2253.4,2100.25,2160.75
2150,2160,1999.5,2036.7
2028,2160,2028,2068.2
2061.2,2089,2055.8,2082.85
2096.75,2124,2075.1,2111.95
2119,2149,2096,2127.9
2149,2169.6,2133.6,2154
2160.15,2184.6,2118,2131.45
2140,2158.75,2122.45,2150.55
2145,2180,2135.2,2159.95
2158.8,2167,2130.15,2141.35
2144,2157.75,2116.05,2129.85
2129.85,2138,2105.2,2128.6
2130,2134.9,2077,2089.25
2083.1,2116.4,2068,2104.15
2100.15,2107.8,2056,2084.25
2087,2118,2080,2113.8
2115,2160.95,2115,2158.15
2165,2214,2138.2,2206.95
2249,2254,2183.8,2237.35
2238,2239,2185.05,2213.55
2210,2276.95,2210,2269.75
2284.9,2297,2271,2279.85
2293,2293,2221.3,2227.05
2230,2289,2210.1,2276.05
2284.9,2299,2262,2292.4
2293,2299.9,2254.05,2268.85
2269,2319.5,2255,2309.05
2310,2320,2293,2310.55
2296,2344.15,2291.15,2307.65
2317,2406.9,2315,2399.55
2400.55,2435,2376.6,2425.4
2418.9,2419,2382.3,2390.75
2400,2411.75,2383.5,2401.6
2399,2445,2392,2417.9
2412.4,2425.5,2401,2410.5
2420.05,2498,2410.4,2488.55
2484.95,2486.15,2433.25,2449.45
2470,2472.65,2381.6,2398.15
2399.55,2419.6,2335,2351.8
2371,2410,2361.1,2394.45
2418.8,2439,2385.25,2426.25
2426.2,2430,2393.75,2399.3
2409.65,2424,2386.85,2401.85
2410,2429.8,2375,2381.95
2452,2485,2435,2441.2
2468,2469.85,2443.05,2463.75
2465,2540,2461.9,2532.4
2540,2596.3,2532.3,2586.15
2594.9,2602,2567,2595.2
2594,2614.35,2567,2605.75
2577.15,2599.65,2555,2589.3
2584.8,2610,2572.6,2595.05
2575.1,2598,2569.25,2580.05
2575,2587.95,2510,2516.4
2532,2541.9,2488,2526.05
2544.9,2545,2490.1,2523.7
2516.15,2534.85,2490.25,2506.65
2490,2495,2459.05,2469.8
2465,2507.7,2465,2478.7
2490.9,2495.55,2455,2468.4
2489.9,2489.9,2440.2,2471.75
2470,2530,2470,2500.05
2514,2532,2490.05,2499.75
2491.05,2505,2470,2487.6
2500,2504.9,2435,2438.5
2444.5,2455.05,2430.05,2436.2
2447,2460,2430,2432.45
2444,2468.2,2435.8,2464.2
2470,2528.5,2466.9,2522.05
2529,2550,2500,2533.8
2534,2567.4,2514.05,2549.95
2547,2549.3,2513,2522.35
2525.4,2560,2523.05,2537.15
2545.8,2554.8,2514.1,2537.9
2539,2616,2539,2606.4
2622,2627.45,2577.45,2584.75
2599.9,2621.8,2583.05,2598.6
2612,2650,2599.05,2642.7
2652,2667,2625.1,2631.25
2638,2642.75,2591.2,2600.15
2610,2624.4,2591.5,2598.35
2610,2624.35,2593.2,2607.6
2614,2618.6,2554,2558.3
2566,2575,2544,2550.85
2561,2604.75,2561,2591.2
2591.7,2651.8,2581,2642.3
2643,2740,2642,2714.2
2714,2734,2676.25,2721.8
2724,2782.45,2683.3,2688.2
2693,2706.95,2632.75,2643
2660.95,2725,2660,2708.6
2710,2724.9,2670.1,2684
2695.4,2775.45,2675.3,2767.95
2772.95,2776.65,2708.15,2736.6
2752,2802,2737,2775.6
2739.6,2839.7,2725.6,2731.35
2738,2739.95,2649.25,2683.2
2708,2723.3,2686.5,2706.05
2706,2727.45,2668.5,2678.5
2680,2724.8,2670,2716.55
2730,2735.7,2678.8,2699.2
2730,2758.6,2664.25,2678.1
2475,2511.35,2430,2441.15
2490,2493.6,2417.95,2423.3
2425.85,2443.75,2415,2433.4
2485,2489,2445.1,2451.85
2465,2468,2455,2465.35
2519,2519.7,2444.95,2457.15
2484.9,2484.9,2453.45,2478.6
2475,2514,2473,2506.05
2521.8,2574.9,2509,2558.2
2561,2620,2561,2607.85
2649,2649,2580.5,2590.35
2638,2638,2590,2599.5
2604.8,2615.7,2557,2572.85
2575.1,2582,2551,2569.65
2578,2594,2555.4,2580.7
2580,2611,2575,2591.75
2595,2604.9,2565.15,2588.45
2585.2,2611.15,2575,2606.45
2595.1,2625,2592.25,2618.3
2620,2626.65,2579.75,2585.85
2598,2598,2557.45,2573.75
2588,2610.25,2560.55,2605.45
2608,2640,2586.65,2622.15
2622,2665,2622,2657.7
2660,2679.4,2616,2636
2630.05,2656.35,2615,2627.3
2627.3,2668,2625.3,2653.3
2658.35,2691.9,2635.35,2643
2650.5,2700,2645.25,2692.95
2693,2710.95,2649.35,2657.3
2671.9,2673.4,2618.5,2635.35
2664,2667,2629.9,2637.95
2640.9,2649.8,2572.15,2578.95
2595,2595,2501.65,2512.8
2516,2559,2509.1,2514.85
2515,2531.9,2496.2,2507.9
2500.6,2522.9,2487,2492.15
2500,2520,2422.65,2450.7
2384.9,2385,2352.25,2358.65
2350,2459.25,2345,2443.05
2453.4,2470,2405.25,2444.1
2455.1,2468.5,2434.8,2460.7
2471.3,2523.75,2468,2510.55
2526,2529,2474.4,2513.4
2500,2536.65,2494.6,2516.7
2515,2520.85,2465.65,2479.9
2486,2510,2465,2505
2508,2536.95,2507,2522.9
2525,2542.45,2516,2530.05
2532.7,2566.4,2525,2558.25
2567,2567,2541,2545.55
2551,2590.95,2550.6,2579.45
2581,2599.9,2524.65,2540.25
2529.1,2529.1,2440,2446.6
2470,2479.15,2407.45,2417.7
2442.4,2449,2420.55,2443.8
2455,2519.9,2450,2512.3
2517,2528,2480.25,2509.7
2520,2530.4,2480.1,2497.9
2516,2531.8,2500.5,2521.95
2533,2581.75,2523.25,2539.1
2543.7,2545,2484.3,2532.15
2536,2551,2503,2511
2520,2530,2483.25,2500.45
2522,2522,2488.25,2513.8
2516.5,2521.25,2495.5,2513.55
2514,2532.05,2496.1,2503.6
2512.35,2515,2489.55,2502.05
2503,2544.9,2502.9,2539.6
2538,2568.7,2512.9,2544.65
2560.7,2575,2470,2482.05
2482,2521.45,2462.05,2514.2
2511.65,2565,2507.1,2558.25
2568,2571.7,2502.1,2514.3
2520,2591.7,2519,2552.4
2553,2594.8,2550.85,2575.75
2561.5,2569.1,2500,2512.9
2510,2526.25,2433,2441.15
2455.05,2487.25,2447.25,2459.9
2479.8,2479.8,2447,2462.15
2470,2547.75,2460.25,2538.75
2560,2595,2555,2584.8
2585.05,2643,2565.25,2635.65
2636,2687.3,2635,2681.05
2698.8,2698.8,2642.25,2675.55
2671,2722,2671,2696.65
2694,2730,2679,2704.75
2710,2722,2667.85,2672.2
2679,2692.75,2625.35,2656.45
2659.45,2675.75,2616.3,2662.35
2677,2687.1,2643,2675.25
2679.7,2708.95,2652.55,2669.4
2682,2790,2676.15,2776
2788,2812.1,2715.65,2746
2750,2770.7,2681.05,2696.45
2640,2679.8,2610,2646.8
2648.9,2678.25,2595.25,2642.7
2642,2659.95,2597.8,2606.55
2623.9,2624.9,2590.1,2619.05
2638,2639.95,2575,2582.35
2585.2,2610,2552,2562.3
2582.5,2606.7,2557.75,2583.7
2590.95,2599.45,2551.7,2559.35
2576,2605.85,2568.1,2596.25
2596,2618,2578.85,2610.95
2616,2631,2606,2617.15
2630,2637,2582.1,2591.3
2591.4,2614,2545.2,2573.75
2553.3,2586.7,2501,2513.1
2531,2571.9,2504.1,2514.8
2525,2569.9,2520,2564.15
2569.45,2569.45,2521,2553.95
2558,2563.6,2522.25,2542.65
2558,2562.9,2500.1,2547.3
2562.45,2599,2544,2585
2594,2656.5,2590.85,2641.4
2659,2687.45,2635.15,2664.55
2648.5,2670.8,2628,2653.75
2664,2665,2628,2655.5
2654.7,2713.9,2609.4,2627.75
2626.95,2627,2571.35,2582.8
2557.1,2560,2470,2474.85
2480.05,2483.9,2424.85,2428.8
2428.8,2452,2401,2427.05
2431.5,2473,2407.55,2445.1
2472,2479.8,2431.7,2457.25
2455.3,2514,2447.55,2493.05
2499.5,2520,2486,2500.2
2510,2510,2455.1,2495
2484,2495,2451.05,2487.3
2480,2490,2427.1,2463.7
2491,2504.8,2457.2,2481.55
2501,2536.45,2500,2517.85
2515,2515,2455.8,2463.05
2464.9,2553.75,2453.7,2545.25
2560,2588,2516.3,2527.25
2535,2563.05,2525,2556
2560,2565,2513,2522.9
2547,2547,2480.45,2515.4
2520,2520,2485,2499.25
2515,2532.4,2501,2511.15
2514.1,2525.25,2497.1,2520.4
2519.4,2530,2496.75,2512.7
2520,2569.9,2516.9,2557.05
2557,2580,2548.15,2555.5
2550,2628.75,2539.25,2617.9
2620,2636.9,2585.7,2601
2605,2623.25,2588.9,2608.85
2608,2633.15,2592,2615.25
2603.9,2623,2582.25,2609.5
2617,2648.6,2597.25,2610.3
2609.45,2647.1,2608.35,2617.75
2616,2630,2590.5,2599.9
2604,2625.6,2590.5,2610.9
2617.1,2622.8,2588.5,2605.65
2592,2609,2570,2575.85
2590,2590,2561.65,2577.45
2585,2590,2551,2561.65
2566,2610,2563.8,2600.75
2605.5,2613,2556.75,2571.3
2571.9,2588.95,2476.8,2505.8
2505.3,2520.45,2481,2504.8
2500,2519.3,2494.45,2512
2521,2529.15,2501.8,2513.8
2515,2546.3,2508,2530.05
2535,2555,2527.1,2549.55
2547,2600,2547,2591.5
2600,2608,2567.2,2574.6
2580,2587.9,2558.85,2570.3
2562,2573,2544.15,2550
2550.2,2596.35,2550.2,2592.8
2572,2604,2543.4,2592.9
2585,2588.75,2540,2550.95
2563.9,2608,2556.75,2593.1
2600,2602.95,2571.05,2577.75
2573.05,2610,2570,2603.9
2580.3,2645,2580.3,2633.3
2632.75,2646.9,2603,2616.25
2597.95,2621.7,2580.5,2595.1
2595,2598.25,2506.65,2522.5
2559,2559,2455,2474.35
2475.4,2518.6,2475.4,2509.55
2511,2515,2490,2499.5
2501,2549.95,2500,2545.75
2543.7,2558.85,2526.6,2540.2
2546.8,2570.1,2543.3,2564.4
2564,2583.9,2551.9,2579.15
2576,2600.35,2555.1,2561.4
2561,2569,2521.05,2528.05
2517.5,2537.85,2483,2488.6
2497.5,2516.5,2492.1,2505.15
2488,2505,2481.15,2497.05
2499.5,2519,2492.15,2502.05
2511,2515.05,2483.5,2506.75
2516.05,2516.8,2472.8,2480.65
2489.9,2519,2487,2510.75
2503.4,2525,2500.9,2509.6
2510.4,2523,2486,2508.9
2520,2550,2511,2547.15
2565,2583,2550.1,2573.3
2573,2573,2547,2552.05
2572,2589,2556.6,2572.1
2578,2610,2542.1,2604.2
2603.1,2691.4,2602,2671.7
2670,2684,2556,2635.6
2638,2719.35,2637.1,2703.2
2690.1,2696.8,2655,2684.75
2706.9,2749.9,2690,2740.9
2750,2752.85,2721.9,2733.6
2745,2745,2672,2686.85
2712,2729.9,2655.1,2676.15
2639,2645,2569.1,2578.65
2587.9,2622,2535.5,2567.15
2558.05,2639,2511.95,2576.75
2614.9,2614.9,2545.8,2574.65
2609,2609,2557.7,2570.85
2590,2590,2531.05,2564.05
2556,2611.2,2530,2537.4
2559.7,2620.45,2548,2591.8
2596.1,2615,2576.25,2605.6
2611.4,2614.9,2539.15,2547.45
2553,2559.95,2532.7,2539.75
2545,2564.1,2523.5,2540.3
2562.95,2574,2544,2549.75
2542,2578.5,2527,2545.4
2546.5,2568.4,2540.6,2552
2565,2565,2543,2551.65
2551.65,2558.9,2536,2547.6
2555,2565,2541.05,2550.35
2565,2586,2539,2551.25
2550,2557.1,2533.2,2551.05
2557.5,2572.4,2490,2526.8
2534.3,2557.75,2512.6,2532.65
2535.5,2590,2529.9,2580.4
2594,2619,2579.5,2593.7
2583.35,2634,2569.85,2588.25
2643.7,2643.7,2570.95,2588.05
2599,2649.95,2592.2,2644.6
2652.7,2770,2652.7,2711.65
2725,2726,2684,2700
2693.95,2717,2646.95,2653.95
2670,2678.35,2620,2633.8
2650.5,2650.6,2608,2629.65
2655,2660.35,2587,2592.6
2602.8,2612,2567.6,2598.55
2548,2548,2480,2483.7
2490,2503.5,2465,2467.75
2480.9,2492,2470,2473.75
2490,2494.95,2455.85,2488.75
2496.25,2530,2495.6,2526.75
2535,2542,2522.25,2530
2548,2548,2527.3,2537.15
2549,2549,2515.1,2536.55
2530.05,2544.9,2520.35,2531.1
2510.05,2533.55,2510.05,2529.1
2533.55,2535.4,2490.05,2495.35
2500,2511.9,2485,2495.2
2500,2522.8,2487.55,2517.35
2528,2547.8,2518.5,2543.45
2545,2547.2,2520,2533.8
2530.8,2534.95,2480,2482.65
2492,2518.25,2483.45,2505.75
2495,2502.75,2468.6,2471.35
2472.95,2477,2450,2458.15
2475,2475,2450,2468.8
2438.05,2438.05,2386.55,2397.4
2390,2390,2356,2374.6
2380.5,2398.45,2375,2390.55
2388.9,2388.9,2346,2351.45
2365.35,2381.6,2352,2362.55
2366.5,2423.55,2361.95,2398.35
2405.3,2413.4,2382.25,2391.05
2380.05,2392.45,2365.5,2367.95
2377.9,2382.4,2337.85,2345.55
2348,2359.45,2332.5,2353.35
2365,2391.25,2350.15,2364.7
2362.9,2378.05,2357.05,2361.9
2378,2378.1,2346.5,2365.2
2360,2373,2347,2350.75
2340,2347.3,2321.1,2328.4
2332.2,2343.9,2315.25,2319.8
2319.4,2349,2317.3,2329
2337.9,2372.8,2320,2367.65
2369,2391.2,2352,2384.55
2383,2391.95,2363.25,2386
2335.2,2387,2330.6,2378.45
2378.45,2385,2363.05,2375.85
2384,2414.5,2384,2408.4
2415,2445,2393.35,2439.75
2420,2434.2,2400.65,2416.8
2419.95,2450,2406.85,2446.4
2440,2440,2400,2405.05
2415,2435,2410.55,2425.8
2421,2438.2,2404,2434.25
2428,2466.4,2420.2,2462.7
2458.35,2465.3,2445.75,2455.8
2453.05,2459,2412.3,2418.3
2415.75,2448.5,2407.5,2436.85
2439,2439,2412.25,2416.4
2410.15,2414,2366.05,2369.6
2385,2386.6,2341,2348.95
2350.2,2386.15,2350.2,2381.6
2370,2382.9,2360,2371.25
2385,2407.35,2372.5,2397.6
2382.5,2384,2348.85,2362.35
2362.7,2365,2301.6,2327.05
2317,2327,2255.1,2279.2
2273,2298.9,2250,2278.8
2288.85,2291.7,2255,2261.1
2262,2291.9,2260,2277.65
2277,2300,2268.3,2279.3
2273.8,2285,2243,2280.1
2285,2289.9,2245.75,2254.5
2273,2302.05,2260,2295.75
2301.9,2339,2291.5,2304.65
2302,2329.95,2281.9,2319.75
2315.5,2348.9,2308.05,2331.2
2358.7,2400,2335.05,2391.3
2391.1,2412.95,2359,2402.7
2409,2433,2379.7,2398.1
2387.5,2429.9,2360.3,2416.3
2421.9,2440,2402,2420.05
2408.1,2439.95,2408.1,2421.95
2400,2412.05,2347,2362.95
2333.6,2333.6,2255.6,2281.4
2275,2289.9,2258.1,2268.8
2280,2289,2171.65,2197.95
2200,2243.4,2164,2226.6
2250,2306.85,2240,2269.15
2266,2282,2243,2265.55
2265,2279.65,2246.4,2275.55
2285,2319.75,2278,2315.85
2307.35,2327,2305.45,2319.65
2320.25,2343,2305,2315.9
2310.25,2319.9,2256.75,2264
2262.45,2262.45,2201.2,2210.95
2219.8,2228,2185.65,2212.85
2229.7,2256.9,2199.6,2210.5
2237,2237,2115,2176.8
2193,2285.1,2162,2276.65
2305,2330,2256.25,2318.85
2336,2391,2301,2373.15
2380,2380,2349.55,2357.55
2342.1,2367,2304.2,2354.3
2341,2369.4,2295.15,2357.25
2356.05,2359.85,2314.95,2348.3
2340,2390.85,2335,2365.25
2362,2398,2340,2355
2349.05,2363.5,2320.1,2329.9
2315,2332,2306.9,2327.05
2334,2361.8,2332,2352.05
2360,2430,2360,2425.85
2426,2454.95,2420,2446.25
2442,2485,2436.5,2473.1
2487.9,2487.9,2457.3,2473.8
2491,2517.15,2461.55,2473.4
2478,2486.95,2455,2469.4
2470.9,2505,2460,2489.5
2478.3,2550,2472.15,2520.3
2505,2520.85,2434.1,2453.9
2456,2488,2447,2471.25
2470.8,2484.9,2442.05,2462.75
2470,2489,2459.35,2481.9
2480,2484.7,2457,2470.8
2466,2473.7,2427,2432.05
2433,2517,2413,2506.65
2498,2525,2488.1,2518.15
2530,2545,2512.5,2526.2
2453,2553.5,2440,2519.75
2534.9,2534.9,2440,2450.35
2451,2467.4,2412.2,2424.4
2419,2435.4,2404.2,2417.05
2402.3,2457.05,2402.3,2451.25
2449,2493.5,2442,2489.8
2480,2514.6,2475.9,2511.1
2501.3,2540,2498.1,2527.75
2517,2542,2510,2535.5
2529,2530,2500,2526.7
2525,2530,2472,2478.1
2473.9,2494.05,2457,2478
2478,2489.95,2463.55,2470.3
2465,2484.3,2431,2473.4
2473.4,2518,2456.4,2512.55
2515,2533.95,2496,2522.9
2500,2525.6,2490,2518.3
2520.55,2569.9,2520.55,2566.2
2565,2566,2510.15,2523.4
2538,2564.8,2522.5,2551.15
2564.2,2591.25,2552,2570.2
2565.85,2565.85,2526.05,2551.1
2555,2560,2526.1,2556.95
2542.3,2565.8,2522.8,2529.3
2544,2545.9,2480.2,2491.45
2484,2488.25,2459.6,2467.7
2481,2532.95,2481,2526.45
2530,2564.9,2505.1,2548.7
2553.15,2579.85,2550.6,2572.65
2583,2641.95,2582,2636.4
2640,2647,2562,2569.4
2571.2,2645,2571,2633.55
2600,2654.3,2600,2650.15
2651.4,2658,2620.5,2629.55
2620.5,2639,2603.2,2612.5
2614,2639,2613,2631.15
2617.25,2628.55,2605.5,2613.1
2622.4,2622.4,2555.2,2577.25
2566,2603.25,2553.2,2555.75
2540,2553.35,2518,2547
2558.95,2558.95,2518.25,2534.85
2530,2564.9,2522,2556.85
2545.55,2564.7,2516.45,2558.3
2559,2610,2559,2602.6
2602.6,2668,2591.8,2659.3
2663.5,2665,2641.4,2651.2
2650,2677.7,2631.75,2667.65
2655,2659.5,2625.3,2645.35
2565.15,2593.2,2514.15,2573.95
2547,2547,2482.65,2495.85
2495.85,2502.9,2458.4,2463.95
2475,2512.5,2465.3,2502.9
2522,2562.9,2500.35,2553.1
2562,2564.6,2494.35,2500.85
2516,2525.85,2482,2494.2
2494.2,2497.05,2477.15,2485.3
2487.7,2491.85,2425,2429.8
2435,2442.05,2403.5,2426.6
2430,2471.8,2427,2464.15
2471.7,2475,2435.85,2464.95
2478,2499.25,2451.25,2493.1
2486,2529,2471,2521.9
2517,2527.8,2426.55,2445.35
2447,2469,2430.6,2433.45
2427.5,2472.8,2427.5,2466.2
2450,2502.5,2448.15,2494.95
2489.5,2519.5,2464.45,2506.05
2498.9,2524,2492,2515.1
2512,2563.2,2505.8,2558.95
2558.95,2568,2533,2552.6
2555,2580.4,2545,2577.55
2580.5,2629.55,2577.05,2619.25
2614,2634.9,2599,2619.3
2632,2725,2632,2708.25
2702.9,2715.7,2689.8,2699.2
2686,2699,2649.05,2656.3
2670,2682.95,2636.25,2652
2673.9,2684.3,2632,2649.1
2640,2668,2629.05,2649.5
2658,2659.8,2578.85,2650.2
2651,2682,2648,2675.4
2665.55,2715,2665.55,2709.9
2705,2744.8,2702.05,2738.45
2738,2740,2673.85,2691.7
2699,2699,2618,2624.55
2635,2657.55,2630.1,2638.55
2640,2646.45,2600,2603.5
2588,2594.45,2536.3,2548.7
2544.95,2604.95,2540.2,2601.05
2589.8,2602,2569.05,2572.05
2580,2589.7,2526,2551.05
2559.8,2572.55,2517.2,2524.95
2534.95,2534.95,2466.75,2500.55
2510,2549.8,2501.25,2544.15
2550,2550,2500.85,2511.3
2524.9,2534.95,2487.05,2507.5
2512,2519.4,2496.05,2514.8
2519.9,2520.15,2480,2484.05
2499.7,2499.7,2423,2440.55
2360,2360,2284.75,2322.1
2329.7,2366.65,2320.05,2352.45
2337,2363.95,2324,2359.05
2362,2377.6,2310,2328.45
2339.95,2342.1,2316.75,2326.95
2336.7,2376,2320,2361.7
2365,2427,2350,2411.45
2411,2416.9,2385.4,2406.5
2407.7,2424,2400.7,2413.4
2425.25,2428,2371.1,2378
2382,2403.85,2371.15,2398.1
2401.1,2419.1,2395,2401.1
2401.1,2448,2401.1,2436.1
2431,2437.5,2415.2,2423.05
2435,2456.5,2419.6,2437.8
2437.05,2449.8,2423.1,2430.8
2450,2457.65,2401.1,2411.7
2420,2425.05,2398,2405.15
2408,2415.4,2376.1,2386.35
2395,2402.4,2372.75,2388.75
2388,2388,2358.2,2367.8
2369.9,2386.9,2355.05,2380.3
2363.3,2369.9,2320.9,2328.9
2315,2387,2291,2366.2
2368.9,2375.8,2344.4,2362.45
2376,2415.7,2354.8,2400.2
2401,2410,2370.3,2395.1
2396.9,2409.35,2386,2401.15
2400,2431.9,2398.25,2428.65
2428.2,2434.9,2402.55,2427.7
2405,2414.6,2381,2398.45
2398.6,2402.75,2372.5,2396.25
2379.7,2429.5,2365.5,2418.1
2410,2415.1,2388,2398.7
2398.7,2408.95,2382,2391.05
2399.7,2399.7,2334.15,2350
2341,2344,2295,2304.05
2294,2335,2284.5,2319.45
2320,2336.15,2294,2330.55
2337.9,2344.9,2260.05,2277.05
2280.45,2307,2260,2283.2
2180,2275,2142.85,2169.85
2204.8,2217.5,2140.8,2155.45
2147.05,2147.05,2086.2,2101.15
2116.9,2157.55,2051.9,2121.3
2145.1,2208.9,2138,2189.6
2185,2208.6,2130.15,2137.2
2142,2150,2104.2,2125.1
2126.2,2140,2105,2132.9
2132,2177.45,2122.05,2135
2149,2162.95,2127.2,2156.35
2154.9,2207.6,2137,2188.45
2212,2307.25,2192.2,2300.35
2294,2319.45,2251.9,2282.6
2275,2292,2252.55,2259.85
2265,2294.75,2242.3,2276.05
2277,2290,2254.05,2263.45
2258,2270.8,2205.2,2221.85
2229,2237.85,2170,2186
2190,2203.95,2169.9,2182.35
2182.2,2184.45,2145.65,2154.55
2160.5,2199,2160,2195.75
2205,2219.9,2173.3,2195.25
2194.8,2217.6,2163,2208.2
2218,2218,2183,2200.3
2214,2224.7,2189,2207.6
2202,2272.1,2202,2259.3
2277,2290,2252,2282.65
2280,2297.7,2261.3,2288.9
2292,2345,2287.05,2339.3
2343.8,2343.8,2305.6,2313.6
2306,2325,2286.2,2307.7
2300,2317.75,2278.8,2288.1
2266,2301.6,2266,2293.1
2281.5,2330,2281.5,2323.4
2326.7,2349.9,2303.15,2313.4
2303,2359.9,2303,2351.7
2354.9,2378.6,2345.65,2365.55
2366.6,2375.1,2352.4,2361.35
2361.25,2371.7,2343.3,2368.25
2369.7,2388.85,2358.3,2379.5
2384,2389.95,2320.4,2334.4
2321,2329.35,2257.1,2281.4
2275,2311.3,2257,2303.7
2304,2329.8,2291.5,2315.35
2315,2329.6,2280.2,2324.4
2324.4,2360,2304,2344.35
2348,2357.95,2237.85,2249.3
2250,2273.9,2228,2258.55
2254.9,2287.8,2252.8,2278.75
2278,2298,2265.45,2295.1
2295,2295.15,2282.95,2291
2287,2300,2265,2285.35
2265,2313.5,2259.8,2306.7
2304,2323,2290,2318.35
2322.6,2360,2318.05,2353
2345.05,2378.75,2345.05,2357.8
2341,2351.95,2318.15,2332.9
2320,2332.05,2200.05,2229.8
2220,2239.95,2155.55,2167.9
2170.05,2219,2153,2207.65
2209.7,2243,2191,2232.55
2258,2258.5,2214.95,2240.75
2244,2252.6,2226,2244.6
2244.9,2282.6,2244.05,2270.95
2275,2328,2270.2,2317.3
2311,2424.45,2311,2397.95
2396,2429,2382.35,2414.25
2419.65,2419.65,2398,2406.25
2397,2428,2375.1,2413.7
2460,2478,2435.6,2447.75
2472,2475.6,2402,2407.9
2425,2555,2408.1,2502.2
2514,2525.9,2455.15,2465.35
2465.9,2470,2400.15,2411.5
2415,2493.25,2415,2481.8
2479.1,2502,2470.05,2489.85
2489.5,2490,2450,2466.25
2479.9,2501.9,2470,2479.55
2486.7,2510,2470.05,2501.45
2492,2499.7,2475.4,2494.05
2480,2484,2454.55,2472.5
2482.9,2505,2475.05,2499.8
2502,2520,2492.2,2512.2
2514.15,2524,2504.05,2519.75
2519.6,2549.55,2513.95,2542.25
2556.8,2587.15,2551.05,2567.5
2572,2572.15,2493.85,2498.3
2506,2527,2506,2520.9
2546,2546,2509.75,2525.75
2525.95,2525.95,2466,2480
2482,2492,2465,2486.7
2480.15,2496,2469.95,2478.95
2482,2485.05,2447.2,2460.35
2469.8,2469.8,2423.3,2427.2
2426.95,2440,2406,2412.05
2410,2443.4,2410,2429.95
2436,2450.8,2425.6,2444.6
2444.9,2465,2435,2441
2438.4,2440.85,2415,2431.8
2435,2435,2408.2,2411.7
2419.9,2419.9,2395,2401.25
2400,2410,2392.55,2400.05
2394.9,2433.25,2392.15,2429.05
2432,2449,2405,2422.25
2417.3,2443.1,2406,2419.3
2422.5,2428,2383,2393.25
2400,2409,2321.05,2328.65
2330.4,2332.9,2295.15,2314.85
2330,2334.2,2302.05,2308.8
2263.5,2348.7,2252.8,2299.15
2305.3,2332,2290.95,2325.5
2329.1,2335.65,2301,2310.8
2300,2339.65,2282.5,2328.1
2328,2344.45,2302.7,2311.5
2340,2343.95,2303.05,2310.35
2306.05,2327.8,2277.65,2302.65
2294,2298.75,2268,2273.15
2294,2302,2280,2289.9
2295,2345,2268.5,2337.3
2349.95,2350,2308.8,2330.1
2308,2332.5,2302.5,2320.5
2321,2347.4,2317.7,2342.45
2343.95,2361,2332.55,2352.55
2355,2356.15,2316,2332.45
2347.3,2360,2322.75,2349.45
2343.3,2369.9,2320.05,2360.65
2375.1,2377.95,2341.6,2365.1
2380,2435,2373.45,2429.15
2433.5,2460.75,2423,2455.35
2450,2572,2442.25,2536.2
2536.2,2540.55,2486,2507.15
2510,2553.75,2510,2531.35
2533.2,2564.15,2514,2521.7
2534.8,2570,2529.65,2559.15
2577,2637.55,2568,2624.6
2625,2626.85,2564.65,2578.25
2579,2596.5,2564,2572.85
2560,2575.95,2525,2551.1
2533,2572.5,2528,2546.6
2530,2564,2530,2553.6
2556.25,2591.85,2552.5,2564.9
2565,2619.9,2560.15,2603.95
2631,2708.95,2630,2696
2697,2700,2576.55,2615.25
2598,2604.95,2515.5,2521.6
2520,2547.4,2486,2507
2497,2512.9,2470.4,2487.2
2465,2481.1,2447,2451.55
2455,2476,2455,2470.2
2469,2469.7,2405,2411.2
2414.95,2435,2386.5,2399.7
2416.9,2446.35,2405.15,2431.7
2431,2449,2380.3,2445
2440,2442.15,2397.2,2406.3
2409,2431,2385,2394.85
2399.4,2413.95,2354,2361.7
2350.6,2384.7,2331.6,2342.85
2349.9,2358,2335,2350.05
2359,2372.05,2323.1,2333.25
2324.4,2377,2323.1,2362.35
2357.4,2383.05,2343.1,2373.6
2373.3,2380.45,2350.05,2366.85
2360.8,2365,2345,2356
2359,2361.9,2340.1,2347.55
2350,2356.45,2325.5,2331.95
2341,2444.9,2341,2434.95
2426,2514.8,2426,2475.8
2482.5,2483.3,2430.1,2439.45
2445,2472,2426.6,2446.4
2383,2425,2375,2397.45
2397.7,2422.1,2382.2,2395.45
2396.15,2443,2396.15,2408.35
2415.5,2460,2415.1,2449.6
2449.25,2456.9,2430.5,2444.7
2434.9,2500,2434.55,2491.2
2482,2540,2482,2530.7
2525.75,2580,2518.4,2571.5
2560,2575,2547,2556
2542.2,2584.8,2466.5,2481.7
2481,2493.05,2442,2484.3
2471,2519,2463,2491.8
2500,2520.75,2491,2501.65
2500,2508,2462,2473.8
2480,2502,2466.45,2489.45
2490.8,2528.3,2488,2522.8
2516.5,2520,2481.2,2503.45
2512,2528.6,2496.3,2503.05
2500,2522.85,2493.3,2512
2509,2520.6,2486.35,2511.45
2499.9,2535,2483,2496.05
2503,2509.9,2463,2469.4
2484,2543.8,2465.2,2492.35
2500.7,2505,2462.1,2485.65
2474,2549.9,2471.4,2513.8
2505.5,2549,2494.3,2528.8
2523,2539.5,2492,2497.55
2505,2516.8,2473.15,2489.45
2497.7,2517.95,2486.15,2496.6
2504.6,2505.4,2461,2487.3
2482,2496,2463.95,2470.85
2481,2490,2460.1,2484.55
2485,2504.4,2466.65,2496.35
2480,2498.05,2436.55,2456.45
2453.1,2461,2438,2456.2
2460,2490,2437.05,2484.35
2468.15,2474.85,2450,2453.2
2458,2468.4,2451.05,2460.1
2453.75,2474,2452.55,2470.6
2471.2,2482.95,2450,2454.45
2473.9,2497,2457,2488.45
2500,2531.65,2475.2,2489.2
2482,2497.6,2471.9,2486.95
2499,2517,2485,2506.05
2504.95,2518.95,2489.25,2499.05
2505,2505,2491.5,2498.25
2514,2514,2474.3,2493.55
2491.05,2541,2480,2524.9
2519.9,2526.9,2492,2503.6
2496.55,2534,2492.75,2510.75
2510,2526.4,2466,2474.65
2490,2512.2,2473.75,2495
2494.7,2514,2452,2476.45
2479,2484,2421.5,2435.95
2440,2454.3,2427.05,2448.45
2449.6,2454,2425,2442.3
2441,2443.45,2424.4,2429.6
2430,2455,2428.05,2446.65
2441.05,2467.95,2441.05,2454.1
2455,2469.95,2451.25,2459.25
2460,2514.45,2456.75,2500.35
2513,2555,2507,2548.2
2548.2,2608.95,2523,2558.6
2555.05,2590,2555.05,2584.4
2585,2614.95,2577.55,2594.55
2595,2613.65,2580,2586.6
2592,2595.8,2571,2583.9
2584,2629,2547.45,2587.9
2620,2620.9,2569.05,2578.4
2578.5,2614,2555,2559.9
2535.1,2569.15,2517.9,2538.85
2538,2593.15,2530.3,2584.3
2586,2620,2581.7,2616.2
2601.3,2640,2601.3,2624
2624,2626.85,2578.85,2602.85
2608.5,2674,2606.75,2626.15
2632.4,2636.7,2602.8,2620.1
2620,2671.8,2611.75,2665.55
2670,2768,2666.05,2710.05
2723,2759,2718.25,2735
2750,2750,2719.3,2736.4
2722.2,2726,2693.35,2708.75
2702.05,2777.4,2702.05,2758.95
2756.55,2756.55,2707.5,2714.6
2706,2755,2701.35,2705.3
2710,2763,2686.95,2746.65
2748.1,2748.1,2703.6,2707.3
2715,2726.9,2695.3,2703.45
2701,2701,2666,2672.95
2673,2709.7,2672.4,2680.65
2681,2693,2669,2681.25
2682,2702.9,2673.1,2688.05
2688,2695.9,2662.2,2685.85
2686,2702.4,2670,2685.3
2677.5,2693,2650,2658.15
2653.65,2666.95,2623,2637
2635,2668,2621.5,2629.95
2622,2658.5,2602.95,2632.35
2631,2651.7,2628.15,2635.55
2636,2645,2612.85,2633.3
2632.3,2645.95,2615,2617.25
2618,2645,2597,2601.5
2608.35,2672.65,2608.35,2661.1
2661,2662,2607.4,2612.15
2611.4,2651.45,2601,2628.4
2632,2632,2531.1,2557.8
2563.75,2584.45,2536.85,2545.6
2537,2588.95,2494.35,2580.5
2576,2597.8,2564.7,2575.3
2582,2592.75,2550.65,2588.95
2587,2608,2580.05,2595.7
2604,2663.9,2590.2,2646.75
2686,2689.75,2631.6,2649.45
2649.45,2658.5,2610.5,2619.9
2608.8,2653.5,2605.65,2626.95
2623.1,2708.9,2618.55,2701.2
2682.3,2694.8,2635,2645.6
2660,2669.6,2620.2,2631.2
2632,2669,2631.2,2638.65
2650,2662,2640,2657.1
2650,2699.5,2650,2689.2
2700,2726.85,2681.85,2714.4
2715,2721,2676.55,2709
2711,2816,2694.65,2806.6
2810,2821.9,2782.2,2790.5
2805,2805,2740.55,2776.35
2777.15,2808,2735.05,2746.1
2756,2861.65,2750.55,2850.85
2870,2925,2862.15,2888.95
2897,2933,2868.05,2918.2
2930.55,2982,2903.65,2959.3
2961,3134.7,2922,3116.4
3114.95,3142.35,3090.05,3102
3090,3259.05,3082.65,3174.6
3175,3179.8,3081,3121.05
3131.4,3225,3122,3198.85
3180,3203.8,3143.7,3152.85
3137,3150,3098.6,3112.35
3124,3190,3088.8,3138.6
3120,3190,3103.45,3153.65
3110,3188,3076.85,3103.2
3010,3077.15,2985,2997.25
3027,3031,2947.45,2955.05
2979.75,3027.6,2959,2974.2
2950,2994,2896.65,2971.7
2978.3,3023.35,2955.55,2967.3
2970,2974.45,2892.5,2911.8
2931.95,2943,2905.1,2925.85
2923,2999.6,2923,2933.05
2945,2953.3,2895.2,2923.6
2928,2985.05,2927.9,2944.75
2974,3062.6,2960.05,3042.3
3052,3079,3022.5,3050.2
3050,3089,2992.1,3075.8
3075,3089.95,3021.2,3031.7
3041,3078.55,3032,3042.35
3035,3063.95,3021.45,3035.05
3049,3061.2,3020,3037.7
3049,3113.65,3032.95,3105.85
3122,3127,3030.15,3042.8
3070,3089,3018.5,3027.45
3054.9,3054.9,2987.5,3003.95
3005,3063.2,2977.2,3034.1
3043,3083.9,3035.5,3052.15
2924.9,2939.7,2872,2886.8
2892.95,2923.05,2875.05,2886.9
2895,2902.55,2855.6,2869.7
2868.8,2872,2805,2825.7
2829,2848,2820,2831
2820,2873.2,2819,2864.85
2872.5,2884.3,2850,2856.75
2859.95,2875.95,2822.55,2831.35
2802,2834.1,2798.05,2818.15
2819,2827.4,2781.55,2817
2825,2863,2823.05,2847.7
2835.9,2875,2825,2849.15
2840,2914,2840,2909.65
2892.1,2929.9,2892.1,2911.25
2929.45,2934,2892,2910.9
2926.55,2963.75,2920.35,2957.95
2954,2960,2926.55,2950.3
2939.7,2963.5,2915,2923.9
2925.7,2957.25,2925.7,2937.6
2950.6,3025,2945.6,3014.15
3010,3150,3007.95,3139.25
3150,3240.8,3132.1,3153.3
3116,3199.95,3110.75,3187.65
3187.65,3194.95,3147.2,3166.6
3166,3193.45,3145.85,3159.1
3179.9,3217.2,3165.75,3191.15
3250,3422.35,3240,3402.45
3424,3557.9,3389.55,3408.65
3410,3443.15,3342.5,3385.65
3385,3483,3365.05,3470.25
3467,3560,3467,3539.25
3525,3544,3420,3451.95
3451.95,3549,3437.6,3532.1
3530.5,3532.2,3471.3,3499.75
3509.8,3526,3470.4,3481.85
3492,3497,3470,3480.75
3490,3490,3410.9,3420.95
3434.7,3486.5,3396.7,3441.2
3440.2,3494.75,3440.2,3489.3
3502.95,3511.15,3440.2,3451.25
3454.2,3485,3442.5,3456.95
3457,3471,3410.8,3433.55
3450,3495.8,3433.7,3482.4
3479.95,3509,3475.25,3493.9
3512.95,3533.15,3476,3491.8
3480.8,3517.7,3458,3502.05
